Property_Type,Total_Area_sqft,Num_Rooms,Num_Dining_Area,Num_Washrooms,Num_Balconies,Floor_Level,Year_Built,Price_per_sqft,Estimated_Price,Category
Flat,3008,6,1,1,2,16,1990,3000,9367000,Standard
Apartment,3279,2,2,4,2,3,1998,4000,13353000,Standard
House,1424,5,1,3,3,0,2014,3500,5364000,Standard
Flat,3456,2,2,2,2,0,2018,3000,10555000,Standard
Flat,2081,4,2,3,2,14,2005,3000,6553500,Standard
Apartment,3824,6,0,3,0,12,1993,4000,15670500,Luxury
House,4985,1,1,1,3,16,2023,3500,17572000,Luxury
House,755,1,0,1,1,7,2003,3500,2727000,Standard
Flat,2338,5,0,3,2,17,2020,3000,7382000,Standard
Bungalow,2444,4,0,1,1,12,1980,5000,12443000,Standard
Flat,509,3,1,1,1,13,2022,3000,1721000,Standard
Flat,3371,4,1,1,0,7,2001,3000,10331500,Standard
Flat,1297,1,2,4,2,7,2002,3000,4080000,Standard
Flat,1515,1,0,4,3,14,1998,3000,4747000,Standard
Apartment,2324,6,2,3,2,12,1997,4000,9702500,Standard
House,4969,4,0,1,1,6,1991,3500,17620000,Luxury
Apartment,3636,4,1,4,3,4,2007,4000,14900500,Standard
Apartment,2693,1,1,3,2,16,2007,4000,10933500,Standard
Apartment,723,3,1,1,1,15,2012,4000,3081000,Standard
Flat,4658,5,0,2,1,1,1998,3000,14286000,Standard
Bungalow,4425,7,1,1,0,17,2007,5000,22496500,Luxury
House,4500,5,0,1,0,16,2016,3500,16026000,Luxury
Bungalow,2133,4,2,4,0,6,2005,5000,10975500,Standard
Apartment,2652,5,0,3,1,12,2014,4000,10958000,Standard
Apartment,1010,1,2,3,2,17,2013,4000,4204500,Standard
Bungalow,884,1,0,4,0,13,2014,5000,4585000,Standard
Bungalow,904,4,2,1,2,17,2019,5000,4777500,Standard
Bungalow,2500,4,1,2,0,12,1995,5000,12745500,Standard
Apartment,3256,7,2,1,3,10,2017,4000,13445500,Standard
Apartment,2168,7,1,1,3,15,1992,4000,9081000,Standard
House,1960,6,1,2,0,16,2002,3500,7209000,Standard
House,4136,4,2,4,1,7,2001,3500,14799500,Standard
Apartment,3224,3,0,3,0,18,1995,4000,13121500,Standard
Bungalow,4678,5,0,4,0,19,2007,5000,23751500,Luxury
Bungalow,2548,4,0,4,1,14,2014,5000,13070000,Standard
House,4646,2,0,1,3,8,1987,3500,16417500,Luxury
Apartment,1216,6,0,3,2,19,2023,4000,5283500,Standard
House,2323,2,1,3,0,9,2001,3500,8309000,Standard
House,2581,1,0,4,1,11,2000,3500,9206500,Standard
Flat,3919,7,1,2,0,19,2005,3000,12157500,Standard
Flat,2074,5,1,4,1,0,2019,3000,6604500,Standard
Flat,749,4,1,2,2,19,2000,3000,2525000,Standard
Bungalow,1173,2,2,3,2,8,2004,5000,6075000,Standard
Apartment,2665,5,2,4,3,14,2020,4000,11073000,Standard
Apartment,1270,1,1,1,1,0,1980,4000,5153000,Standard
Apartment,4462,7,2,4,1,11,1985,4000,18313500,Luxury
Apartment,4863,3,0,3,3,2,2002,4000,19726000,Luxury
Flat,2484,6,0,1,3,10,2002,3000,7816000,Standard
Bungalow,1577,5,1,1,1,1,2022,5000,8179000,Standard
Bungalow,735,5,0,2,3,15,2022,5000,4029000,Standard
Flat,888,3,1,1,2,8,2002,3000,2863000,Standard
Bungalow,3537,5,1,1,0,14,2011,5000,17958500,Luxury
Flat,2348,1,0,4,2,11,2009,3000,7236500,Standard
Apartment,3314,1,2,3,3,0,1992,4000,13425000,Standard
Flat,3874,3,0,2,1,12,2022,3000,11846000,Standard
Apartment,3778,6,0,4,1,13,1997,4000,15533500,Luxury
Apartment,1752,4,1,1,2,7,2002,4000,7257000,Standard
House,4481,2,1,1,1,7,1994,3500,15813500,Luxury
Flat,2622,4,1,2,3,11,2012,3000,8165000,Standard
House,2650,5,1,3,2,0,2000,3500,9633000,Standard
Flat,1829,2,2,2,1,10,2018,3000,5659000,Standard
Flat,1858,3,2,4,0,7,2002,3000,5833000,Standard
House,2982,3,2,2,0,9,2006,3500,10638000,Standard
House,2517,6,1,1,3,18,2023,3500,9184000,Standard
Flat,1831,2,1,4,1,10,1997,3000,5714500,Standard
Bungalow,4844,1,1,1,3,6,2003,5000,24334500,Luxury
Apartment,4761,2,2,3,2,10,2019,4000,19261500,Luxury
House,1858,5,1,1,0,16,2021,3500,6781500,Standard
Apartment,3677,1,0,1,2,0,1986,4000,14799000,Standard
Bungalow,2628,7,0,2,1,7,1999,5000,13552500,Standard
Bungalow,2680,7,1,1,3,5,2006,5000,13816000,Standard
Bungalow,637,7,0,4,3,17,1985,5000,3680500,Standard
House,3972,3,0,4,3,5,2006,3500,14208000,Standard
Bungalow,3332,2,2,3,2,4,1988,5000,16862000,Luxury
House,4079,7,1,4,0,12,2010,3500,14739500,Standard
Bungalow,3531,4,1,2,2,18,2000,5000,17933000,Luxury
Apartment,4664,6,2,3,2,7,2005,4000,19066500,Luxury
Apartment,3093,4,0,4,1,8,2019,4000,12704500,Standard
Flat,4800,7,0,2,1,16,1992,3000,14809000,Standard
Apartment,4318,6,1,4,1,2,2002,4000,17696000,Luxury
Flat,4638,5,0,4,0,18,1999,3000,14271500,Standard
Apartment,4323,4,2,1,0,10,2016,4000,17518000,Luxury
House,4542,2,2,4,1,16,2007,3500,16123500,Luxury
Apartment,2406,2,1,4,1,18,1996,4000,9845000,Standard
Flat,1260,4,2,2,0,1,2007,3000,4031500,Standard
Flat,3945,7,2,2,3,7,2020,3000,12288000,Standard
Bungalow,1399,2,1,1,0,18,1981,5000,7103500,Standard
House,4955,5,2,4,0,6,2004,3500,17702500,Luxury
Apartment,3447,1,2,1,0,16,2020,4000,13866000,Standard
Bungalow,2219,7,2,4,1,5,1985,5000,11560500,Standard
Apartment,780,5,0,3,3,18,1990,4000,3488000,Standard
Apartment,3766,6,1,3,0,5,2017,4000,15450500,Luxury
Bungalow,2387,5,1,1,1,1,1985,5000,12210500,Standard
Bungalow,3766,7,1,1,2,5,1990,5000,19223000,Luxury
Bungalow,1166,6,0,1,2,4,1993,5000,6174500,Standard
Bungalow,4688,7,0,2,0,18,1981,5000,23828500,Luxury
Bungalow,1171,2,1,2,2,19,2019,5000,6042500,Standard
Apartment,2469,1,0,2,3,3,1982,4000,10010000,Standard
Bungalow,4656,7,1,1,2,16,2014,5000,23685000,Luxury
House,3622,7,0,4,2,10,2012,3500,13171000,Standard
Flat,4400,2,2,3,3,3,2003,3000,13424500,Standard
Bungalow,1023,3,2,1,0,12,1998,5000,5282000,Standard
Bungalow,2893,2,1,2,0,19,1997,5000,14611500,Standard
Apartment,3617,6,0,2,3,16,2003,4000,14862500,Standard
Bungalow,3093,2,0,1,3,8,2014,5000,15635000,Luxury
Bungalow,2468,2,2,1,3,3,1980,5000,12493000,Standard
Bungalow,2253,1,2,2,2,13,2015,5000,11400500,Standard
Apartment,2796,2,0,4,3,18,2004,4000,11439000,Standard
Bungalow,2761,7,0,2,1,2,2022,5000,14229000,Standard
Flat,2786,1,0,2,2,13,2013,3000,8492500,Standard
Apartment,4702,4,0,1,0,7,2004,4000,19028000,Luxury
Flat,3378,3,0,4,0,0,1995,3000,10389500,Standard
Apartment,4643,1,0,2,0,9,2013,4000,18676500,Luxury
Bungalow,4144,6,1,2,2,17,2008,5000,21102000,Luxury
Flat,4932,4,0,3,1,15,1998,3000,15088000,Luxury
Apartment,2555,1,2,1,3,7,2002,4000,10334000,Standard
House,1776,1,1,3,3,0,1998,3500,6388000,Standard
Bungalow,3266,3,0,3,0,11,2004,5000,16560000,Luxury
Apartment,802,7,2,2,0,7,1995,4000,3603500,Standard
House,1138,6,1,1,2,15,1988,3500,4325000,Standard
Apartment,555,5,2,4,1,17,1980,4000,2583000,Standard
House,1025,5,0,2,3,3,2021,3500,3941000,Standard
Bungalow,4623,1,0,4,2,5,1998,5000,23302000,Luxury
Flat,2625,2,0,4,3,11,2012,3000,8134000,Standard
House,3787,6,0,1,0,8,2013,3500,13579000,Standard
Apartment,864,4,1,3,3,14,1995,4000,3776500,Standard
Bungalow,2146,2,1,1,1,15,2023,5000,10874500,Standard
House,1418,2,2,4,1,11,2019,3500,5195500,Standard
Apartment,3297,6,0,2,0,13,1997,4000,13534500,Standard
Apartment,2031,7,2,4,1,12,2013,4000,8603500,Standard
Apartment,3845,1,1,2,1,1,2004,4000,15495000,Luxury
House,2406,1,0,2,2,2,1985,3500,8541500,Standard
House,3586,1,0,1,3,9,2000,3500,12664000,Standard
House,2575,1,1,4,0,8,1985,3500,9163000,Standard
Flat,1213,5,1,3,0,19,2011,3000,3972500,Standard
House,1562,1,1,4,0,7,2020,3500,5635000,Standard
House,2476,5,1,4,0,9,2022,3500,9035000,Standard
House,1796,5,1,3,0,18,2018,3500,6623000,Standard
Flat,625,7,0,1,1,2,2010,3000,2263000,Standard
House,4096,1,1,4,2,4,2021,3500,14534500,Standard
Apartment,3783,3,0,4,0,2,1989,4000,15384500,Luxury
House,2103,4,0,2,2,15,2009,3500,7643000,Standard
Apartment,566,2,1,4,2,16,1997,4000,2500500,Standard
Apartment,732,5,1,3,1,14,2003,4000,3272500,Standard
Apartment,2656,6,0,2,0,2,1988,4000,10966000,Standard
Flat,1669,6,1,1,1,11,2010,3000,5345000,Standard
Flat,2658,4,1,2,0,8,1994,3000,8219000,Standard
Flat,4706,6,1,3,1,11,1983,3000,14502500,Standard
House,1993,3,2,3,2,14,2019,3500,7243000,Standard
Apartment,4507,6,0,2,0,1,1988,4000,18370000,Luxury
Flat,2972,2,2,1,3,17,1988,3000,9073000,Standard
Flat,3160,2,1,2,2,19,2005,3000,9660500,Standard
House,3239,5,2,1,3,11,1983,3500,11641000,Standard
Flat,2261,1,1,2,2,3,1996,3000,6909000,Standard
House,4014,7,2,3,1,15,1995,3500,14489500,Standard
Bungalow,2475,3,1,4,0,15,1994,5000,12630000,Standard
Flat,2862,5,2,4,2,0,2014,3000,8981000,Standard
Bungalow,1376,3,2,1,1,1,1984,5000,7055000,Standard
House,4312,1,2,1,0,2,1984,3500,15152000,Luxury
Apartment,3948,6,0,1,0,19,1999,4000,16109500,Luxury
Flat,1812,6,2,3,2,16,1994,3000,5841000,Standard
House,1960,7,0,2,0,19,1997,3500,7256500,Standard
Apartment,3209,1,1,3,2,0,1981,4000,12984500,Standard
Apartment,2824,5,2,4,0,19,2008,4000,11658000,Standard
Bungalow,2233,7,1,1,3,5,1992,5000,11574000,Standard
House,2105,1,1,2,1,14,1983,3500,7472000,Standard
Apartment,3063,4,2,4,3,13,2021,4000,12615500,Standard
Flat,3921,2,0,4,2,19,1989,3000,11995500,Standard
Flat,4017,7,2,4,3,14,2010,3000,12559000,Standard
Bungalow,2897,7,1,3,2,13,2020,5000,14953000,Standard
Apartment,4235,5,1,1,0,4,1987,4000,17201500,Luxury
House,3370,3,2,4,0,5,1982,3500,12044000,Standard
Flat,1660,4,0,1,2,16,1988,3000,5222000,Standard
Apartment,742,5,0,3,3,10,2009,4000,3345500,Standard
Apartment,3090,1,1,4,0,15,1990,4000,12513000,Standard
Bungalow,1563,1,1,3,1,11,2014,5000,7965000,Standard
Flat,4824,1,0,3,0,14,2016,3000,14608000,Standard
Flat,3095,1,2,1,1,3,2021,3000,9378500,Standard
House,1419,3,1,4,3,17,1992,3500,5265500,Standard
Flat,505,4,0,3,1,2,2015,3000,1815500,Standard
House,967,6,1,4,1,7,1992,3500,3803500,Standard
Flat,4670,2,2,1,1,2,1991,3000,14138500,Standard
Bungalow,503,3,0,3,1,7,2016,5000,2766000,Standard
Flat,1145,3,1,1,0,17,1989,3000,3597500,Standard
House,617,6,2,4,1,9,1988,3500,2576500,Standard
House,3428,6,1,4,0,19,1986,3500,12399000,Standard
Bungalow,3051,2,2,1,1,16,1981,5000,15378500,Luxury
Flat,4789,2,2,2,2,7,2002,3000,14546000,Standard
Flat,1346,6,0,3,3,10,2018,3000,4470000,Standard
Bungalow,3262,1,2,4,1,4,2019,5000,16492500,Luxury
Flat,1641,3,1,4,2,12,2018,3000,5220000,Standard
Flat,2310,5,2,3,1,4,2000,3000,7273000,Standard
House,1223,2,2,1,1,12,2002,3500,4414500,Standard
Flat,724,2,0,1,1,5,2008,3000,2309000,Standard
Flat,4708,6,2,1,2,4,1993,3000,14468500,Standard
Bungalow,2548,4,2,2,3,8,2005,5000,13035500,Standard
Bungalow,4915,5,1,2,2,15,1984,5000,24895000,Luxury
Apartment,2073,5,0,4,3,1,2010,4000,8700000,Standard
House,2328,2,0,1,1,0,2004,3500,8283000,Standard
Flat,2417,1,0,3,0,7,2010,3000,7384000,Standard
Flat,4734,4,2,4,1,18,1999,3000,14524500,Standard
Apartment,2526,5,0,3,3,10,2023,4000,10488500,Standard
Flat,4244,2,2,4,2,11,1996,3000,12968000,Standard
House,1401,5,2,2,1,11,1981,3500,5207000,Standard
Apartment,2539,7,1,4,2,6,2004,4000,10646000,Standard
House,509,4,1,2,2,12,1992,3500,2055500,Standard
Apartment,760,4,1,4,2,7,2018,4000,3387000,Standard
Apartment,2173,7,1,1,1,8,2007,4000,9078500,Standard
Bungalow,2719,3,1,3,2,6,2021,5000,13863500,Standard
House,2560,7,2,1,2,14,1985,3500,9350500,Standard
Flat,4213,6,2,4,1,1,1982,3000,13053000,Standard
Flat,2119,6,0,4,2,19,2014,3000,6802000,Standard
House,820,2,2,4,1,11,1997,3500,3091500,Standard
Flat,1842,4,2,2,3,0,1990,3000,5814000,Standard
Flat,2876,3,1,3,3,7,1999,3000,8900500,Standard
House,3332,3,2,3,3,4,1984,3500,11927000,Standard
Apartment,3324,5,1,4,2,14,1998,4000,13683000,Standard
House,2494,5,0,4,0,0,2001,3500,9087500,Standard
Apartment,3458,7,0,2,0,0,1998,4000,14229000,Standard
Flat,2538,3,2,1,2,9,1995,3000,7809500,Standard
Flat,3990,7,0,1,0,9,2003,3000,12339500,Standard
Flat,4177,7,2,3,1,14,2020,3000,12984000,Standard
Bungalow,1618,5,0,2,0,16,1983,5000,8379500,Standard
Apartment,2104,4,1,4,2,5,1994,4000,8751000,Standard
Bungalow,4527,7,1,3,2,2,2004,5000,23095000,Luxury
Bungalow,735,1,1,2,1,12,2023,5000,3799500,Standard
House,2469,4,1,1,3,15,2014,3500,8911500,Standard
Bungalow,4929,3,2,2,2,7,1993,5000,24869500,Luxury
House,2408,3,0,1,1,14,1998,3500,8610000,Standard
House,875,7,2,2,0,16,2017,3500,3469000,Standard
Bungalow,4030,4,1,3,0,16,2015,5000,20435500,Luxury
Apartment,3135,5,2,1,1,12,1986,4000,12816000,Standard
Apartment,2070,5,0,3,1,16,2009,4000,8627500,Standard
Apartment,3060,6,2,3,2,5,1998,4000,12647000,Standard
Apartment,3891,3,0,1,0,16,2004,4000,15734000,Luxury
Apartment,3465,2,2,1,1,15,1995,4000,13990500,Standard
Bungalow,4143,6,0,4,0,13,2019,5000,21132500,Luxury
Bungalow,4350,5,0,4,1,12,1987,5000,22116500,Luxury
Flat,1372,4,1,4,0,5,1997,3000,4422500,Standard
Apartment,1752,5,0,3,3,2,2007,4000,7384500,Standard
Bungalow,1814,4,1,3,2,13,1995,5000,9375500,Standard
Flat,3398,6,1,4,0,13,1998,3000,10601000,Standard
Apartment,577,3,1,3,3,14,2021,4000,2591500,Standard
House,3121,5,2,3,0,7,1996,3500,11249500,Standard
Flat,4727,7,2,1,0,14,1992,3000,14545000,Standard
Bungalow,1100,4,2,1,3,12,1986,5000,5756000,Standard
House,1565,3,2,3,0,16,2006,3500,5708500,Standard
House,2636,2,0,4,0,2,1989,3500,9428500,Standard
House,2949,4,0,2,2,5,2013,3500,10606000,Standard
Flat,2843,6,2,4,3,4,2015,3000,8989500,Standard
Bungalow,2363,2,0,2,3,16,2004,5000,12010000,Standard
House,1818,2,0,4,1,1,1985,3500,6578500,Standard
Apartment,4097,1,1,1,0,14,2003,4000,16457500,Luxury
House,4262,5,1,3,2,4,1997,3500,15273500,Luxury
House,2690,4,1,3,0,19,2002,3500,9694000,Standard
Flat,1492,2,1,1,0,5,1985,3000,4586500,Standard
Flat,3212,1,0,2,1,5,2008,3000,9753000,Standard
Bungalow,2692,6,2,2,0,17,2004,5000,13810000,Standard
Apartment,1748,3,0,2,2,17,1996,4000,7218000,Standard
Flat,3554,7,0,1,2,3,2003,3000,11061500,Standard
House,4533,7,0,2,1,16,1990,3500,16273500,Luxury
Bungalow,2497,4,1,1,0,13,2005,5000,12705500,Standard
House,4187,2,1,4,2,13,2013,3500,14899000,Standard
House,2651,7,1,4,0,12,2007,3500,9740000,Standard
Flat,4518,5,2,1,0,6,1982,3000,13813000,Standard
Bungalow,3610,7,0,3,0,11,1990,5000,18473000,Luxury
Apartment,2470,7,2,4,1,14,2017,4000,10361500,Standard
Apartment,697,7,1,2,0,18,1993,4000,3182500,Standard
Flat,3126,1,2,1,2,10,2005,3000,9478500,Standard
Flat,1702,2,0,2,0,14,2000,3000,5254000,Standard
Bungalow,2535,5,0,2,2,11,2018,5000,13012000,Standard
Apartment,977,2,1,3,0,2,2009,4000,4090500,Standard
Apartment,1754,4,1,2,2,16,1987,4000,7287500,Standard
Apartment,1422,4,2,3,2,2,1999,4000,5995500,Standard
House,919,4,1,4,0,18,2011,3500,3530000,Standard
Apartment,2704,6,1,1,0,19,2001,4000,11134500,Standard
House,3097,7,0,2,2,3,1986,3500,11260500,Standard
Bungalow,1620,6,1,1,3,2,1988,5000,8457000,Standard
House,3568,1,1,2,1,15,1980,3500,12591000,Standard
Bungalow,1450,4,0,1,3,11,2008,5000,7517000,Standard
Apartment,2836,5,0,2,3,7,1987,4000,11680500,Standard
Apartment,2743,2,2,2,0,16,1983,4000,11111500,Standard
Bungalow,3145,7,1,2,1,6,2014,5000,16145000,Luxury
Flat,2357,3,0,2,3,10,1982,3000,7305000,Standard
Bungalow,2365,5,2,2,0,17,2019,5000,12132500,Standard
Flat,3412,7,2,2,3,0,1986,3000,10672000,Standard
House,3353,6,1,2,3,2,2006,3500,12131500,Standard
House,3728,6,1,2,0,3,1980,3500,13386000,Standard
House,4219,5,2,2,0,12,2006,3500,15067500,Luxury
Apartment,3728,6,0,1,0,5,1995,4000,15227500,Luxury
House,2871,4,2,3,1,13,2017,3500,10350000,Standard
Flat,3391,1,1,2,3,4,1986,3000,10309000,Standard
House,4256,2,0,3,0,15,2023,3500,15085500,Luxury
Bungalow,4725,1,0,2,2,14,2002,5000,23754000,Luxury
Bungalow,594,7,2,2,3,14,2020,5000,3423000,Standard
Apartment,3174,2,1,1,2,3,1990,4000,12839000,Standard
Bungalow,2455,2,2,4,1,7,2021,5000,12508500,Standard
Flat,1293,1,2,4,0,15,2012,3000,4043000,Standard
House,2334,5,2,1,2,15,2015,3500,8474500,Standard
Apartment,2616,2,0,3,1,3,2016,4000,10665000,Standard
House,4606,1,0,4,0,12,2020,3500,16289000,Luxury
House,3825,2,1,1,2,12,1996,3500,13533500,Standard
Flat,3419,3,1,1,2,1,2014,3000,10462000,Standard
Bungalow,3097,5,2,4,1,2,1984,5000,15850000,Luxury
Bungalow,3705,4,2,3,0,7,2011,5000,18808500,Luxury
House,1314,2,2,1,0,14,1982,3500,4708000,Standard
Apartment,845,3,1,2,2,10,2014,4000,3615000,Standard
Bungalow,2849,4,0,3,2,8,1993,5000,14549500,Standard
Apartment,862,4,0,3,2,6,2010,4000,3761000,Standard
Bungalow,2943,7,2,4,0,12,2010,5000,15178000,Luxury
Apartment,2765,2,2,4,1,1,1996,4000,11281000,Standard
Flat,2688,1,2,2,1,7,2003,3000,8178500,Standard
Apartment,3505,2,2,1,0,6,2002,4000,14139000,Standard
Flat,3781,3,1,4,3,11,1997,3000,11644500,Standard
Flat,1484,4,0,4,1,18,1993,3000,4771500,Standard
Apartment,2139,2,2,3,2,6,1994,4000,8761000,Standard
Flat,1327,1,1,4,3,9,1994,3000,4181000,Standard
House,3230,7,2,4,3,15,1985,3500,11800500,Standard
Flat,4031,2,2,4,1,2,2006,3000,12319000,Standard
Bungalow,4951,5,0,4,3,9,1994,5000,25155000,Luxury
Apartment,3435,7,2,3,3,5,2015,4000,14220500,Standard
House,4376,1,0,2,1,17,1987,3500,15422500,Luxury
Apartment,626,3,0,2,1,17,1994,4000,2714000,Standard
Bungalow,3677,4,0,1,3,4,1982,5000,18639000,Luxury
Bungalow,3556,2,1,4,2,6,1992,5000,18014000,Luxury
Bungalow,1103,1,1,3,0,1,2020,5000,5653000,Standard
Flat,3949,7,0,1,3,10,2013,3000,12266500,Standard
Flat,4646,5,2,1,3,12,2003,3000,14252500,Standard
Apartment,4033,1,0,2,2,4,2019,4000,16269500,Luxury
Apartment,3867,6,2,3,3,5,2011,4000,15896500,Luxury
House,3868,5,0,3,3,13,2011,3500,13916500,Standard
House,4297,7,2,3,0,11,2009,3500,15472000,Luxury
Apartment,2292,3,1,2,0,3,1992,4000,9362000,Standard
Flat,3361,4,2,2,0,5,1980,3000,10321000,Standard
Bungalow,3976,7,0,2,1,9,2013,5000,20299500,Luxury
Apartment,3917,3,1,2,1,17,1994,4000,15878000,Luxury
House,2145,2,2,2,0,14,2023,3500,7667000,Standard
Flat,1705,1,2,4,0,7,1993,3000,5269500,Standard
Apartment,3530,6,2,4,1,8,2008,4000,14547000,Standard
Apartment,3372,5,2,3,2,4,2013,4000,13852500,Standard
Flat,3572,5,2,1,3,9,1997,3000,11027500,Standard
Apartment,2354,1,1,3,3,19,1986,4000,9582000,Standard
Flat,4521,6,1,1,0,5,2008,3000,13885000,Standard
Bungalow,3208,1,1,2,2,15,2010,5000,16173000,Luxury
Flat,4002,2,1,1,1,2,2004,3000,12141000,Standard
Flat,1832,3,0,3,0,9,2017,3000,5732500,Standard
Flat,701,7,1,3,2,10,1993,3000,2557500,Standard
Apartment,4007,5,2,1,2,10,1987,4000,16319500,Luxury
Apartment,4712,2,2,4,2,16,2006,4000,19089000,Luxury
Flat,1074,3,1,2,1,3,1981,3000,3425500,Standard
Apartment,1036,2,2,2,1,3,1996,4000,4305000,Standard
House,2125,6,1,3,3,16,2016,3500,7868500,Standard
House,2622,5,2,4,3,8,1993,3500,9576500,Standard
Apartment,885,7,0,1,2,18,2004,4000,3940000,Standard
Apartment,3781,1,0,2,2,4,2009,4000,15256500,Luxury
Flat,974,1,1,4,1,5,2008,3000,3099000,Standard
Bungalow,917,3,1,2,3,2,1999,5000,4827500,Standard
Apartment,4100,7,1,4,2,0,2000,4000,16888000,Luxury
House,1454,4,2,4,3,19,2001,3500,5442500,Standard
Flat,1705,6,1,3,3,15,2014,3000,5545000,Standard
Apartment,4620,3,0,2,2,10,2016,4000,18716000,Luxury
House,2490,4,2,1,1,12,1995,3500,8945500,Standard
House,4072,2,1,3,2,9,2022,3500,14471000,Standard
Bungalow,4880,6,2,3,2,2,1996,5000,24806000,Luxury
Flat,4658,2,2,1,3,8,1995,3000,14134500,Standard
Flat,3213,7,1,3,2,11,1981,3000,10087500,Standard
Bungalow,2703,5,2,4,1,13,1983,5000,13879500,Standard
Bungalow,3620,6,0,4,2,0,2000,5000,18538000,Luxury
Flat,1466,4,0,2,1,17,2018,3000,4670000,Standard
Flat,3932,5,2,2,1,16,2013,3000,12115500,Standard
Apartment,1188,1,1,1,3,8,2009,4000,4869500,Standard
Apartment,4743,4,2,2,0,8,1985,4000,19212500,Luxury
Bungalow,4201,3,0,4,0,9,1996,5000,21261000,Luxury
Apartment,841,1,2,1,3,18,2018,4000,3486000,Standard
House,2224,1,2,1,2,14,2004,3500,7884000,Standard
Apartment,4922,3,0,2,3,4,1984,4000,19923000,Luxury
Apartment,2292,6,2,4,1,14,1984,4000,9583000,Standard
House,2259,1,2,1,0,19,1999,3500,7974000,Standard
Bungalow,3712,7,1,4,3,1,1995,5000,19060500,Luxury
House,1489,4,1,4,2,12,2020,3500,5559500,Standard
Apartment,2762,5,0,4,3,15,2016,4000,11459000,Standard
Bungalow,2982,1,0,2,0,14,2019,5000,15017500,Luxury
Apartment,1451,4,0,3,3,9,1988,4000,6121000,Standard
House,1222,2,1,3,3,13,1984,3500,4492000,Standard
House,3889,4,0,1,0,9,2021,3500,13840000,Standard
Apartment,2579,5,0,4,1,13,1981,4000,10679500,Standard
Flat,3217,4,0,2,1,8,1988,3000,9908000,Standard
Flat,2832,3,1,4,0,13,2022,3000,8765000,Standard
House,3876,5,2,4,3,2,2015,3500,13976500,Standard
House,2000,6,0,2,0,19,2001,3500,7348500,Standard
Flat,785,2,2,3,1,15,2001,3000,2548500,Standard
Flat,3995,3,0,4,2,1,2001,3000,12273500,Standard
Apartment,2565,6,2,4,3,9,2013,4000,10719500,Standard
Apartment,1268,4,1,3,1,2,2008,4000,5369000,Standard
Flat,3557,5,1,2,3,10,2017,3000,11022500,Standard
Apartment,4789,2,0,1,0,10,2012,4000,19280000,Luxury
Apartment,2661,3,2,3,2,12,1997,4000,10900500,Standard
Bungalow,3793,6,1,1,0,6,1986,5000,19276000,Luxury
Apartment,1446,6,0,1,2,16,1980,4000,6122000,Standard
House,3835,2,0,3,3,1,2012,3500,13651500,Standard
Apartment,4650,7,1,4,3,11,1980,4000,19093000,Luxury
Apartment,1981,4,1,1,0,9,2003,4000,8143500,Standard
Flat,2401,2,0,1,2,17,1983,3000,7342500,Standard
House,3951,6,2,2,2,10,1983,3500,14198000,Standard
Apartment,4564,1,2,4,3,15,1997,4000,18457500,Luxury
Apartment,554,3,2,1,0,16,2006,4000,2387000,Standard
Bungalow,2323,2,0,2,2,18,2022,5000,11804000,Standard
Apartment,3962,7,1,4,3,17,2011,4000,16356500,Luxury
Apartment,3579,6,0,3,1,2,2012,4000,14715000,Standard
Bungalow,1332,4,1,3,0,15,2007,5000,6941500,Standard
Flat,4908,6,2,2,1,5,2021,3000,15097500,Luxury
Apartment,3306,4,2,3,0,11,2020,4000,13512000,Standard
Bungalow,2990,2,1,1,3,10,2015,5000,15120500,Luxury
House,827,4,1,4,2,14,1985,3500,3225000,Standard
Flat,3810,5,0,1,2,14,1995,3000,11725500,Standard
House,3800,5,2,1,2,15,2013,3500,13604500,Standard
House,4175,5,0,3,0,9,2002,3500,14941500,Standard
Bungalow,3554,7,0,1,3,11,2021,5000,18193500,Luxury
Apartment,2643,7,0,3,1,12,2003,4000,11016500,Standard
Bungalow,1811,1,2,4,3,3,1992,5000,9254000,Standard
Bungalow,3691,7,0,4,1,6,1997,5000,18926500,Luxury
Bungalow,3038,2,0,1,0,1,1992,5000,15304000,Luxury
Bungalow,4483,6,0,2,0,14,2016,5000,22771000,Luxury
Flat,664,6,0,3,1,7,2022,3000,2396000,Standard
Apartment,4777,1,0,3,1,6,2018,4000,19260000,Luxury
House,1322,7,0,1,1,14,2021,3500,5020500,Standard
House,1443,4,2,3,3,13,1996,3500,5371500,Standard
Apartment,4925,1,0,3,1,7,1994,4000,19840000,Luxury
House,1274,4,1,2,0,11,1997,3500,4705500,Standard
Apartment,2698,4,0,2,0,12,2002,4000,11041000,Standard
House,3656,3,0,1,2,10,2009,3500,12998500,Standard
Bungalow,4742,6,2,2,1,16,2013,5000,24079500,Luxury
House,4195,5,2,1,3,16,1983,3500,14987000,Standard
Apartment,3952,7,1,4,3,3,1982,4000,16302000,Luxury
Apartment,1414,4,1,1,3,7,1986,4000,5912000,Standard
Apartment,1808,3,2,4,2,4,1997,4000,7518500,Standard
Apartment,4677,6,2,1,0,15,2021,4000,19036500,Luxury
Apartment,1013,5,0,3,3,3,1986,4000,4418000,Standard
Flat,2420,4,2,2,0,14,2019,3000,7517500,Standard
Flat,4094,4,1,4,2,11,1985,3000,12612500,Standard
House,1909,1,0,1,1,4,2001,3500,6765000,Standard
Apartment,3690,1,1,2,1,15,1980,4000,14863000,Standard
House,4991,6,0,1,1,13,1983,3500,17793000,Luxury
Apartment,2055,5,2,2,3,9,2022,4000,8574000,Standard
Apartment,1304,4,1,2,1,6,2008,4000,5483000,Standard
Flat,1779,6,0,1,3,12,2000,3000,5700000,Standard
Flat,4077,6,0,4,2,19,2005,3000,12671500,Standard
Bungalow,3401,2,2,4,2,4,1993,5000,17239500,Luxury
Flat,1887,7,2,3,3,2,1988,3000,6128000,Standard
Bungalow,3261,1,2,2,0,14,1991,5000,16398500,Luxury
Bungalow,3179,5,1,3,1,3,2021,5000,16248500,Luxury
Bungalow,2606,4,0,3,1,14,1985,5000,13315500,Standard
Bungalow,4723,6,2,1,1,13,1999,5000,23947500,Luxury
Bungalow,3268,4,1,1,3,19,2003,5000,16604500,Luxury
House,4453,2,1,1,2,18,2006,3500,15736500,Luxury
Flat,3686,5,1,2,1,12,2017,3000,11379500,Standard
Bungalow,3780,6,2,1,2,9,1987,5000,19241500,Luxury
Apartment,3073,4,2,1,1,4,1980,4000,12515000,Standard
Flat,3099,1,0,2,1,19,2003,3000,9411500,Standard
Flat,4533,7,0,2,3,19,1986,3000,14035000,Standard
Bungalow,736,2,2,4,0,5,1998,5000,3887000,Standard
House,1804,5,1,1,3,3,2001,3500,6627500,Standard
Bungalow,3930,2,1,1,1,1,2014,5000,19790000,Luxury
House,1801,1,1,1,1,15,2009,3500,6391000,Standard
Apartment,3041,5,0,4,0,17,2008,4000,12526000,Standard
Flat,2551,2,1,1,2,4,2001,3000,7801500,Standard
Apartment,941,3,0,4,2,3,1990,4000,4047000,Standard
House,2576,1,0,3,1,12,1999,3500,9158500,Standard
House,3680,1,1,4,2,18,2008,3500,13072000,Standard
Apartment,3157,1,1,3,1,1,2020,4000,12781000,Standard
House,4298,3,2,1,0,12,2021,3500,15221500,Luxury
Apartment,1304,3,2,3,0,10,2013,4000,5450500,Standard
Flat,574,4,1,4,1,3,1980,3000,2035000,Standard
Apartment,2675,6,0,2,0,19,2010,4000,11053000,Standard
Flat,4424,7,0,3,3,19,2009,3000,13749500,Standard
Apartment,2589,2,0,3,3,14,1997,4000,10577500,Standard
House,540,4,0,1,0,3,1996,3500,2106000,Standard
Apartment,2581,2,0,4,1,8,2017,4000,10555500,Standard
House,2122,7,2,3,1,6,1993,3500,7866500,Standard
Apartment,841,6,1,3,0,18,2002,4000,3743000,Standard
Apartment,4552,3,2,3,2,18,2004,4000,18468000,Luxury
Bungalow,2574,6,0,3,3,5,1994,5000,13290000,Standard
House,1145,3,0,2,2,5,2001,3500,4236000,Standard
Bungalow,4763,7,0,4,1,19,1982,5000,24279000,Luxury
House,1109,6,0,1,1,14,1998,3500,4213500,Standard
Bungalow,954,4,1,1,2,14,2023,5000,5029500,Standard
Flat,3453,5,0,2,0,19,2013,3000,10663500,Standard
Apartment,2208,4,1,4,2,8,2014,4000,9177000,Standard
House,3972,2,0,3,2,3,1980,3500,14100000,Standard
House,3469,4,1,2,3,17,2000,3500,12434500,Standard
Apartment,3528,7,2,4,3,17,2008,4000,14619000,Standard
House,3181,1,0,3,2,4,1985,3500,11284000,Standard
House,4129,2,1,2,2,19,2016,3500,14637500,Standard
Bungalow,4725,6,2,4,1,10,1980,5000,24038000,Luxury
House,3567,2,0,1,3,4,1980,3500,12637500,Standard
Flat,1886,5,0,1,3,3,2006,3000,5974000,Standard
Flat,4276,3,0,4,1,11,2000,3000,13101000,Standard
Apartment,3366,6,1,1,0,1,1995,4000,13779500,Standard
House,3863,2,1,4,3,12,2023,3500,13785000,Standard
Apartment,4624,6,2,3,3,9,2019,4000,18928500,Luxury
Flat,648,6,1,4,0,8,2005,3000,2354500,Standard
House,4350,6,1,3,3,9,1995,3500,15645500,Luxury
House,2558,3,0,2,3,6,2007,3500,9199500,Standard
Apartment,1636,7,0,4,0,3,1980,4000,6992000,Standard
Flat,686,4,0,2,0,18,2015,3000,2313500,Standard
House,3354,6,0,1,2,9,1989,3500,12081500,Standard
Apartment,1750,1,0,3,1,2,2022,4000,7154000,Standard
Flat,1833,7,0,4,1,18,1996,3000,5970000,Standard
Apartment,4693,5,0,2,0,1,2002,4000,19071000,Luxury
Bungalow,4650,3,2,3,0,19,1986,5000,23471000,Luxury
House,3211,2,2,3,3,9,2023,3500,11473000,Standard
Bungalow,2285,3,2,1,2,1,1986,5000,11616000,Standard
Flat,1250,2,2,1,2,1,2023,3000,3909500,Standard
Bungalow,2262,3,0,3,0,16,1994,5000,11535000,Standard
Bungalow,4420,2,2,3,3,15,2013,5000,22329500,Luxury
Flat,4960,6,0,4,3,15,1983,3000,15324500,Luxury
Apartment,981,4,2,3,1,13,1993,4000,4213500,Standard
Bungalow,653,2,1,4,1,6,1993,5000,3484500,Standard
Apartment,2024,2,2,3,3,10,1995,4000,8316500,Standard
Bungalow,2620,1,2,1,1,0,1986,5000,13176000,Standard
Apartment,2843,2,0,4,0,10,2011,4000,11585500,Standard
Flat,1740,1,2,2,3,3,1998,3000,5362000,Standard
Bungalow,560,5,1,1,1,6,1981,5000,3073500,Standard
Flat,1438,6,0,4,2,14,1989,3000,4746500,Standard
Bungalow,2139,1,0,4,3,17,1996,5000,10896000,Standard
Flat,4620,4,2,2,3,11,2016,3000,14161000,Standard
Flat,4726,7,0,4,2,16,1991,3000,14661500,Standard
Bungalow,4069,6,0,3,0,0,1985,5000,20715500,Luxury
Bungalow,1752,1,0,2,2,10,2001,5000,8888500,Standard
Bungalow,4703,6,0,1,3,0,2011,5000,23883500,Luxury
House,671,6,0,1,0,14,2020,3500,2676500,Standard
Apartment,1958,6,0,3,1,9,1999,4000,8224500,Standard
House,4049,5,1,1,1,6,1980,3500,14444500,Standard
House,4697,4,2,4,1,1,1985,3500,16755000,Luxury
Flat,2822,3,1,4,3,9,1998,3000,8768000,Standard
Bungalow,2136,3,0,3,2,3,1997,5000,10936500,Standard
Apartment,3615,1,0,1,0,11,1985,4000,14520500,Standard
Flat,4590,6,2,1,1,18,2012,3000,14109000,Standard
House,3504,1,1,3,0,10,2002,3500,12393000,Standard
Bungalow,829,5,2,2,3,7,2002,5000,4489000,Standard
Flat,4140,5,1,1,1,17,2005,3000,12705500,Standard
Bungalow,4394,2,0,2,3,10,1992,5000,22159000,Luxury
Flat,4607,5,2,1,2,10,1986,3000,14112000,Standard
Bungalow,1841,2,2,1,3,12,1994,5000,9365000,Standard
House,4163,4,0,1,3,2,2023,3500,14845000,Standard
Apartment,715,1,2,1,2,11,2006,4000,2961000,Standard
House,838,7,1,4,0,2,2005,3500,3393500,Standard
Apartment,4562,4,1,2,2,9,2012,4000,18532000,Luxury
Bungalow,3208,5,1,2,2,16,1994,5000,16365000,Luxury
Flat,3652,4,1,1,3,1,2015,3000,11226500,Standard
House,2250,4,0,1,0,16,2006,3500,8096000,Standard
Apartment,2921,4,2,2,1,15,1984,4000,11939000,Standard
House,1209,5,1,4,2,1,1981,3500,4610000,Standard
Apartment,4226,7,0,3,0,19,2012,4000,17338000,Luxury
House,4142,6,2,3,2,5,1995,3500,14902500,Standard
Apartment,4493,4,2,2,2,9,2002,4000,18251000,Luxury
Apartment,988,2,0,1,2,9,2017,4000,4108500,Standard
Bungalow,546,5,0,1,2,7,1995,5000,3025500,Standard
Apartment,3859,4,1,4,3,0,1993,4000,15785500,Luxury
Bungalow,900,7,2,3,0,12,2008,5000,4932000,Standard
Apartment,4490,6,2,4,0,8,2005,4000,18370500,Luxury
Flat,3657,5,0,3,0,9,2014,3000,11306000,Standard
Flat,4845,3,2,2,2,14,1994,3000,14760000,Standard
Flat,890,6,1,3,3,4,1982,3000,3084000,Standard
Apartment,4353,2,2,4,2,15,2002,4000,17651000,Luxury
Bungalow,4930,4,0,4,2,12,2008,5000,24992000,Luxury
Bungalow,1128,7,0,4,0,19,2013,5000,6104500,Standard
Apartment,4732,3,1,2,2,17,2012,4000,19162000,Luxury
Flat,3430,7,1,3,1,10,2020,3000,10743000,Standard
Flat,2021,3,2,3,2,8,2020,3000,6331000,Standard
Bungalow,1326,5,2,4,1,15,2002,5000,7004000,Standard
Flat,2000,3,0,3,2,1,1986,3000,6251000,Standard
House,3794,2,1,1,3,1,1982,3500,13433000,Standard
Bungalow,2919,2,1,1,3,11,2011,5000,14763500,Standard
Flat,1434,1,1,1,0,7,2010,3000,4375000,Standard
Bungalow,3542,2,2,3,2,8,1997,5000,17916500,Luxury
House,4997,6,1,2,1,11,2022,3500,17863500,Luxury
Bungalow,1966,3,0,2,1,8,1986,5000,10036000,Standard
Bungalow,4061,2,0,2,2,9,2020,5000,20493000,Luxury
Bungalow,1114,5,2,2,1,1,1980,5000,5873000,Standard
Bungalow,1682,7,2,1,3,15,1993,5000,8819500,Standard
House,3723,7,1,1,1,19,2011,3500,13419000,Standard
Apartment,3167,1,2,4,0,6,1985,4000,12818500,Standard
Bungalow,630,7,0,3,3,1,2018,5000,3632000,Standard
Bungalow,3483,3,1,3,3,0,1989,5000,17682500,Luxury
Flat,4778,1,0,2,3,18,1986,3000,14470000,Standard
Bungalow,4959,3,1,1,2,3,2005,5000,24995500,Luxury
Flat,538,5,2,2,2,1,2013,3000,1948500,Standard
Apartment,4459,1,1,4,3,13,2009,4000,18043500,Luxury
House,4087,4,1,3,2,1,2015,3500,14620000,Standard
House,1420,6,0,3,1,14,2000,3500,5363000,Standard
Apartment,3269,6,0,2,2,11,1996,4000,13452000,Standard
House,4611,3,1,4,2,4,2012,3500,16432500,Luxury
Apartment,992,7,2,3,3,19,1989,4000,4435500,Standard
Apartment,1631,4,2,4,0,6,2021,4000,6842500,Standard
Apartment,4021,1,0,4,0,9,1991,4000,16237500,Luxury
House,810,4,2,2,0,13,1995,3500,3080500,Standard
Flat,1238,4,0,1,1,13,2020,3000,3957000,Standard
Apartment,3741,7,2,2,2,4,2011,4000,15397500,Luxury
Bungalow,1045,1,1,1,0,17,1994,5000,5290000,Standard
House,2961,5,0,4,3,13,2006,3500,10769500,Standard
Apartment,4846,7,0,1,0,1,2007,4000,19755500,Luxury
Apartment,2304,4,1,4,0,11,1996,4000,9522000,Standard
Bungalow,3712,4,0,3,2,5,1981,5000,18858500,Luxury
Flat,4310,5,2,3,2,3,2015,3000,13295500,Standard
Flat,1313,4,2,3,2,12,1986,3000,4240000,Standard
Flat,4624,4,0,2,1,3,1992,3000,14131000,Standard
Apartment,2532,4,2,2,1,13,1994,4000,10388000,Standard
Apartment,4913,6,0,4,0,15,2004,4000,20062000,Luxury
Apartment,744,7,1,3,2,3,2002,4000,3435000,Standard
House,771,2,0,2,0,0,2001,3500,2847000,Standard
Bungalow,4011,7,1,3,3,12,2005,5000,20530500,Luxury
Apartment,2271,5,2,2,3,3,2012,4000,9433000,Standard
Bungalow,1762,4,1,1,2,19,1990,5000,9053000,Standard
Bungalow,2924,7,2,1,2,17,1989,5000,15012500,Luxury
Flat,4861,6,0,3,3,5,2004,3000,15008000,Luxury
House,1420,5,2,4,2,2,2016,3500,5366000,Standard
Apartment,3930,3,0,2,1,12,2022,4000,15944000,Luxury
Flat,4935,7,0,2,1,15,2017,3000,15226500,Luxury
Flat,4984,3,1,1,2,4,2020,3000,15160000,Luxury
Apartment,3124,4,1,1,3,3,2003,4000,12760500,Standard
Bungalow,4260,6,1,4,0,7,2019,5000,21717500,Luxury
Flat,2550,6,1,4,2,18,2012,3000,8094000,Standard
Bungalow,4000,7,2,4,2,13,1996,5000,20486000,Luxury
House,1665,5,2,3,0,6,2003,3500,6157000,Standard
Bungalow,875,5,2,1,2,13,2016,5000,4681000,Standard
House,2533,6,0,3,0,5,1981,3500,9234000,Standard
Bungalow,645,5,2,1,3,11,2011,5000,3543500,Standard
Flat,4888,6,2,1,1,15,2003,3000,14998500,Standard
Flat,931,7,2,2,3,16,1988,3000,3230000,Standard
House,1204,2,1,1,1,12,1983,3500,4338500,Standard
Apartment,3132,6,2,1,0,13,1996,4000,12844000,Standard
House,4994,3,0,3,1,6,1996,3500,17720000,Luxury
House,1463,5,1,1,3,13,2009,3500,5438000,Standard
Bungalow,2734,6,0,3,1,14,2019,5000,14072500,Standard
Bungalow,2541,6,2,4,0,11,1990,5000,13108000,Standard
House,2328,7,1,1,1,16,2000,3500,8531000,Standard
Flat,2608,5,0,1,2,8,2000,3000,8122000,Standard
Bungalow,4568,2,2,3,3,14,1997,5000,23061500,Luxury
Apartment,1438,7,0,4,2,11,2008,4000,6244000,Standard
Bungalow,1306,2,0,2,0,1,2003,5000,6679500,Standard
Bungalow,1963,7,0,4,1,4,1989,5000,10282500,Standard
Apartment,3915,5,2,3,2,12,1996,4000,16016000,Luxury
House,510,1,2,4,2,19,1997,3500,1971500,Standard
Apartment,2368,5,0,3,1,7,2021,4000,9825500,Standard
House,1384,5,1,3,1,13,1999,3500,5186500,Standard
House,4064,2,1,2,3,14,2016,3500,14425000,Standard
House,1889,2,2,1,2,10,1997,3500,6758000,Standard
Apartment,3901,5,2,3,2,0,1996,4000,15960000,Luxury
House,4821,5,2,3,0,2,1988,3500,17195500,Luxury
Flat,1324,5,2,2,3,16,1993,3000,4311500,Standard
Apartment,2765,2,2,3,0,18,2008,4000,11242000,Standard
Flat,1436,5,1,1,2,13,2010,3000,4611000,Standard
House,3300,5,2,2,0,7,1983,3500,11839500,Standard
Bungalow,3053,4,0,1,2,12,1997,5000,15511500,Luxury
House,4345,1,0,1,2,19,1999,3500,15305000,Luxury
Flat,2296,3,1,2,0,2,2022,3000,7097000,Standard
Flat,553,1,0,3,0,4,2023,3000,1798500,Standard
Apartment,1226,4,1,1,1,8,1988,4000,5131000,Standard
Bungalow,3236,3,1,1,1,5,1992,5000,16359000,Luxury
Apartment,3670,7,0,1,1,1,1994,4000,15060000,Luxury
Flat,2413,5,2,1,2,12,2006,3000,7540000,Standard
House,2096,4,0,2,0,4,1994,3500,7581000,Standard
Bungalow,2414,7,0,2,3,7,2007,5000,12516500,Standard
House,2966,5,1,4,2,0,2016,3500,10777000,Standard
House,3237,2,0,4,3,19,1998,3500,11581500,Standard
Bungalow,1349,6,1,1,0,11,2005,5000,7065500,Standard
Apartment,2609,4,2,3,2,10,2005,4000,10746500,Standard
House,502,2,2,1,3,6,2004,3500,1922000,Standard
Flat,4755,4,2,3,3,14,2005,3000,14590500,Standard
House,4569,4,0,1,1,10,2005,3500,16227000,Luxury
Bungalow,1392,2,1,4,1,15,2007,5000,7186500,Standard
Bungalow,2530,3,2,4,1,2,1997,5000,12921500,Standard
Bungalow,3660,1,1,3,2,19,2011,5000,18463500,Luxury
Apartment,2876,5,1,1,0,13,1982,4000,11763000,Standard
House,2433,4,2,3,0,2,1981,3500,8784000,Standard
Apartment,1880,5,2,4,1,0,2012,4000,7899000,Standard
Apartment,4181,6,1,1,1,14,2021,4000,17067500,Luxury
Bungalow,1790,2,2,1,1,0,1998,5000,9082000,Standard
Bungalow,2140,5,1,3,3,16,1996,5000,11071000,Standard
Apartment,3182,2,1,2,1,1,2023,4000,12902500,Standard
House,1487,5,2,3,3,19,2012,3500,5583500,Standard
Flat,1718,1,0,4,0,5,1991,3000,5307500,Standard
Apartment,1855,1,2,4,2,7,1982,4000,7599000,Standard
House,4765,1,0,4,2,15,2022,3500,16876500,Luxury
Bungalow,4635,1,1,4,2,18,2005,5000,23365500,Luxury
Bungalow,2060,1,1,4,2,0,2014,5000,10495000,Standard
House,1918,1,0,2,3,2,1987,3500,6849500,Standard
Flat,1454,2,1,1,3,2,2015,3000,4532500,Standard
Bungalow,1483,4,0,3,1,4,1986,5000,7701000,Standard
Bungalow,1474,5,0,3,3,11,2015,5000,7750500,Standard
Bungalow,4633,1,1,4,1,11,1995,5000,23335500,Luxury
House,4472,2,0,3,1,19,2003,3500,15846500,Luxury
Apartment,1413,2,2,4,2,12,1980,4000,5880000,Standard
Bungalow,536,2,2,2,3,19,2004,5000,2875000,Standard
Apartment,3887,4,1,2,3,8,1989,4000,15835500,Luxury
Flat,2211,5,1,1,1,6,1995,3000,6913500,Standard
Bungalow,3520,4,0,2,1,3,1995,5000,17860500,Luxury
Bungalow,1295,3,0,2,0,18,1987,5000,6666500,Standard
Flat,4536,7,0,1,0,18,2008,3000,13980000,Standard
Bungalow,3611,2,0,3,1,5,2018,5000,18257000,Luxury
Apartment,1824,3,2,4,0,12,2007,4000,7557500,Standard
House,817,6,2,4,0,10,1985,3500,3260000,Standard
Apartment,2896,1,1,3,1,12,1995,4000,11724500,Standard
House,2662,7,0,1,1,12,1999,3500,9699500,Standard
House,3245,1,0,3,3,19,1995,3500,11528000,Standard
Apartment,2091,4,1,2,1,14,1986,4000,8620000,Standard
Apartment,3611,7,0,1,1,12,2020,4000,14837000,Standard
Apartment,4430,5,0,1,2,10,1993,4000,18014500,Luxury
Apartment,2496,3,0,1,3,18,2022,4000,10208000,Standard
Flat,1812,5,0,4,3,7,2005,3000,5841500,Standard
Bungalow,1785,4,0,3,3,19,2005,5000,9250500,Standard
House,4811,1,1,1,2,7,1993,3500,16933000,Luxury
Apartment,2883,7,0,1,1,9,1986,4000,11908000,Standard
Apartment,3739,5,1,1,3,15,2012,4000,15275000,Luxury
Apartment,2639,5,0,3,3,18,2005,4000,10931500,Standard
Flat,2204,1,2,4,0,10,1999,3000,6769500,Standard
Apartment,862,7,2,2,3,12,1982,4000,3882000,Standard
Apartment,3104,3,2,4,1,8,1983,4000,12680500,Standard
Apartment,2216,1,2,1,1,19,2005,4000,8949500,Standard
Bungalow,4951,5,1,4,0,18,1990,5000,25108000,Luxury
Flat,4786,3,1,4,3,15,1981,3000,14651500,Standard
Apartment,4238,3,0,2,3,6,1993,4000,17191500,Luxury
House,2969,1,2,3,3,18,2023,3500,10576000,Standard
House,1056,5,1,3,2,11,2009,3500,4058500,Standard
House,1325,4,0,4,3,14,1991,3500,4986000,Standard
Flat,3308,5,0,4,1,13,2005,3000,10299500,Standard
Flat,3219,2,1,3,1,10,2023,3000,9861500,Standard
House,4008,7,2,3,2,9,2012,3500,14492000,Standard
Apartment,4241,6,0,2,2,10,1992,4000,17338000,Luxury
Flat,2074,4,2,1,3,5,1993,3000,6481500,Standard
House,4498,3,2,4,0,1,2003,3500,16002500,Luxury
House,2629,4,2,3,2,10,2013,3500,9516000,Standard
Apartment,2903,7,0,4,2,18,2023,4000,12111500,Standard
Bungalow,3829,3,2,4,3,5,2005,5000,19450500,Luxury
Flat,1088,7,0,3,3,13,2000,3000,3737000,Standard
Apartment,2512,3,2,2,2,19,2007,4000,10279500,Standard
House,2047,4,0,4,0,5,2015,3500,7480000,Standard
House,794,3,2,2,2,16,2019,3500,3016500,Standard
Apartment,2485,3,1,3,3,9,1981,4000,10203500,Standard
Flat,3617,2,2,1,3,0,2021,3000,11024500,Standard
Bungalow,2190,5,2,1,2,2,1988,5000,11242000,Standard
Bungalow,1636,5,0,4,0,7,2002,5000,8539000,Standard
House,2564,6,0,3,2,7,1994,3500,9379000,Standard
Flat,4955,6,2,2,2,19,1992,3000,15239000,Luxury
Bungalow,1507,2,1,4,3,14,2002,5000,7789000,Standard
Flat,3014,6,1,3,0,6,1996,3000,9418000,Standard
Flat,4026,7,0,3,1,10,1981,3000,12511500,Standard
House,1747,4,1,2,0,6,1999,3500,6362000,Standard
Bungalow,4402,1,2,4,2,3,1999,5000,22197500,Luxury
Apartment,1935,7,0,3,2,11,1982,4000,8189000,Standard
House,1071,1,2,3,2,5,1991,3500,3902000,Standard
Bungalow,2882,1,0,3,0,13,2019,5000,14547500,Standard
Bungalow,1745,2,0,2,3,11,1981,5000,8908500,Standard
Bungalow,2584,7,0,4,2,10,2015,5000,13415500,Standard
Bungalow,777,2,0,4,2,18,1993,5000,4119500,Standard
Bungalow,2387,3,1,4,0,4,1995,5000,12190500,Standard
Flat,1765,1,2,4,1,13,1998,3000,5467000,Standard
House,1540,4,2,1,1,15,2013,3500,5629500,Standard
Flat,1417,6,2,1,3,12,2023,3000,4625500,Standard
Apartment,1385,4,0,4,3,19,1985,4000,5885500,Standard
Bungalow,3252,6,1,2,2,3,1992,5000,16634000,Luxury
House,521,1,2,1,0,10,2015,3500,1899000,Standard
Bungalow,3691,1,1,3,2,16,2001,5000,18613500,Luxury
House,2853,1,0,1,3,6,1997,3500,10097000,Standard
Flat,1186,2,2,3,0,13,1991,3000,3731500,Standard
House,784,7,1,4,0,10,2009,3500,3206500,Standard
Apartment,4247,6,0,1,3,8,2019,4000,17360500,Luxury
Apartment,1262,7,1,2,1,12,1986,4000,5454000,Standard
House,2928,2,2,1,1,17,2011,3500,10386500,Standard
House,3007,2,2,1,0,10,1998,3500,10641500,Standard
House,528,5,0,1,2,14,1985,3500,2138500,Standard
House,1406,4,0,4,1,18,1999,3500,5243500,Standard
Apartment,3604,4,0,2,2,0,2006,4000,14697000,Standard
Bungalow,4499,3,1,1,1,3,2022,5000,22689000,Luxury
House,3494,2,1,2,1,13,2016,3500,12400000,Standard
House,3006,6,1,4,2,13,1986,3500,10952000,Standard
Apartment,4109,5,0,3,3,2,1984,4000,16801000,Luxury
Apartment,4053,5,2,1,1,16,1990,4000,16490000,Luxury
Flat,1953,7,2,2,1,2,1994,3000,6269000,Standard
House,3856,4,1,2,2,15,1982,3500,13765000,Standard
Flat,1015,2,1,4,3,13,1984,3000,3290000,Standard
Apartment,538,3,2,1,1,19,2002,4000,2336000,Standard
Apartment,3842,2,2,3,1,12,2016,4000,15569000,Luxury
Bungalow,1386,7,1,2,3,14,1988,5000,7367000,Standard
House,3344,1,1,1,1,13,1994,3500,11784000,Standard
Flat,2704,2,2,3,3,18,1982,3000,8326000,Standard
Apartment,1598,7,0,2,3,5,2008,4000,6839000,Standard
Apartment,2323,1,1,2,2,9,1985,4000,9412500,Standard
Flat,3701,1,2,3,0,14,1996,3000,11229000,Standard
Bungalow,3655,3,2,3,3,19,2005,5000,18550500,Luxury
Apartment,3593,6,2,4,2,5,2000,4000,14810000,Standard
House,4030,4,2,1,0,9,1987,3500,14316500,Standard
Apartment,4278,2,0,1,1,6,2000,4000,17245000,Luxury
House,3396,1,2,4,0,16,1990,3500,12039000,Standard
Flat,3953,2,1,2,3,17,2017,3000,12060500,Standard
House,4011,6,0,3,3,16,1987,3500,14455000,Standard
Flat,1488,4,2,3,3,8,2021,3000,4797500,Standard
House,4616,6,0,3,3,9,2003,3500,16580500,Luxury
Flat,4526,4,1,2,3,9,2014,3000,13878000,Standard
House,4679,5,2,3,2,6,1993,3500,16731000,Luxury
Bungalow,2182,4,1,3,3,15,1993,5000,11229500,Standard
House,4463,3,2,4,2,17,1989,3500,15903000,Luxury
House,1433,6,2,2,1,5,1991,3500,5374000,Standard
Bungalow,4098,1,2,1,3,19,2017,5000,20611500,Luxury
Apartment,3733,5,2,4,3,0,2023,4000,15346500,Luxury
Apartment,2480,3,2,4,0,0,2013,4000,10184500,Standard
House,2355,2,0,1,1,11,2020,3500,8385500,Standard
Bungalow,3556,6,2,4,3,1,1989,5000,18227500,Luxury
House,1292,7,2,2,3,3,1996,3500,4963000,Standard
Flat,1291,7,0,3,1,16,1996,3000,4314000,Standard
Flat,2309,1,0,2,2,3,1982,3000,7046000,Standard
House,2755,4,0,1,3,10,2010,3500,9910500,Standard
Apartment,4110,1,0,1,0,3,1980,4000,16498000,Luxury
Apartment,2107,7,0,4,3,0,1991,4000,8926500,Standard
House,1484,2,0,2,0,6,2018,3500,5351000,Standard
House,4176,5,2,2,0,17,1983,3500,14905500,Standard
Flat,3880,5,2,1,3,8,2021,3000,11963500,Standard
Apartment,1019,6,1,2,3,2,1992,4000,4465000,Standard
House,1090,5,2,1,0,7,2013,3500,4089500,Standard
Flat,1550,6,2,2,1,18,2021,3000,5023500,Standard
Apartment,4133,6,0,2,1,3,2000,4000,16895000,Luxury
Bungalow,4944,6,0,2,3,17,2001,5000,25113500,Luxury
Flat,1459,7,2,1,2,19,1983,3000,4766500,Standard
Apartment,1192,7,1,4,1,10,1997,4000,5239500,Standard
Apartment,4399,4,0,2,3,13,1984,4000,17881000,Luxury
Flat,4973,3,2,1,1,17,1998,3000,15101000,Luxury
Bungalow,3446,6,2,1,2,15,1981,5000,17568500,Luxury
Flat,1026,6,1,2,3,2,1991,3000,3466500,Standard
Apartment,3724,3,1,2,2,14,1996,4000,15122000,Luxury
House,2753,1,0,4,3,3,1989,3500,9833000,Standard
House,3844,6,1,1,2,4,2013,3500,13808500,Standard
Flat,4465,4,2,1,1,16,1985,3000,13620500,Standard
Apartment,2375,5,2,3,1,6,1987,4000,9836500,Standard
House,2263,5,1,1,2,15,1990,3500,8213500,Standard
Apartment,1020,2,1,4,2,13,1991,4000,4313500,Standard
Flat,1516,2,1,3,2,15,1988,3000,4750000,Standard
House,616,5,1,3,3,6,1981,3500,2519500,Standard
Apartment,2933,5,0,3,1,8,1987,4000,12068500,Standard
House,1083,7,1,2,3,3,1990,3500,4228500,Standard
Flat,894,4,0,2,1,10,2015,3000,2952500,Standard
Apartment,4288,3,2,1,0,1,1989,4000,17314500,Luxury
House,3268,2,1,3,3,11,2000,3500,11661000,Standard
Flat,4667,7,0,4,1,11,1999,3000,14473500,Standard
House,4360,7,1,2,1,3,1987,3500,15666500,Luxury
House,773,3,2,4,3,17,2015,3500,3016000,Standard
Bungalow,2513,7,2,4,3,6,2008,5000,13072000,Standard
Bungalow,4933,4,2,2,1,0,2021,5000,24938500,Luxury
Flat,1889,5,1,2,3,12,1991,3000,6005500,Standard
Bungalow,4066,6,1,2,2,5,1993,5000,20704500,Luxury
Flat,665,3,0,2,3,5,2000,3000,2238000,Standard
Bungalow,2067,5,2,3,3,11,2001,5000,10708500,Standard
House,1228,5,1,3,3,7,2000,3500,4671000,Standard
Flat,2543,1,2,3,1,18,2023,3000,7783500,Standard
Flat,4697,3,2,3,2,4,2009,3000,14353500,Standard
House,3996,7,0,1,0,17,2018,3500,14363000,Standard
Flat,1278,6,0,3,0,4,1999,3000,4211500,Standard
Flat,713,3,0,2,2,9,2003,3000,2368500,Standard
Bungalow,4262,7,0,4,2,0,2002,5000,21799000,Luxury
Flat,2076,5,2,3,2,9,1986,3000,6579000,Standard
Apartment,2948,6,0,1,1,4,1988,4000,12119000,Standard
House,3436,7,0,2,0,11,1980,3500,12414000,Standard
Bungalow,3617,4,0,4,2,6,2005,5000,18425500,Luxury
Bungalow,1091,7,0,4,1,8,2017,5000,5936500,Standard
Apartment,3220,1,2,3,0,11,2017,4000,13016500,Standard
House,1213,5,0,4,3,0,2023,3500,4660000,Standard
House,1435,7,2,3,1,10,2001,3500,5466000,Standard
Bungalow,4837,2,1,3,0,14,2023,5000,24374500,Luxury
Flat,501,2,2,2,1,1,1989,3000,1660500,Standard
Bungalow,3348,1,2,2,0,19,1985,5000,16830500,Luxury
House,4544,4,0,1,0,6,1996,3500,16120000,Luxury
Apartment,2449,5,1,2,3,11,2017,4000,10147500,Standard
Bungalow,1417,3,1,2,1,17,2003,5000,7299500,Standard
House,3674,1,1,3,2,2,1989,3500,13011500,Standard
Bungalow,2741,4,1,2,3,6,1987,5000,13991500,Standard
Flat,589,3,2,3,3,10,2000,3000,2040000,Standard
Bungalow,2209,2,1,3,0,17,1985,5000,11215500,Standard
Bungalow,2669,2,2,2,2,11,2000,5000,13523000,Standard
House,4738,3,2,1,1,5,2018,3500,16775000,Luxury
House,3541,1,2,1,2,4,2003,3500,12493000,Standard
House,605,2,1,4,2,0,2012,3500,2361500,Standard
Bungalow,1386,5,0,4,2,11,1997,5000,7316500,Standard
Flat,927,6,0,2,2,10,2007,3000,3162500,Standard
Apartment,2395,7,1,1,2,3,2011,4000,9983500,Standard
Apartment,816,3,0,3,0,17,1991,4000,3487500,Standard
House,1134,3,0,4,0,3,2021,3500,4237500,Standard
House,2425,2,2,3,3,16,2006,3500,8713500,Standard
Bungalow,2556,1,2,4,0,1,1989,5000,12932500,Standard
Apartment,3644,5,1,2,3,1,2021,4000,14929500,Standard
House,2770,1,1,1,3,11,2011,3500,9813500,Standard
Flat,1939,4,0,4,1,5,2021,3000,6150500,Standard
Flat,1052,4,2,1,2,9,2005,3000,3406500,Standard
House,1215,6,1,3,0,15,2004,3500,4632500,Standard
House,4411,2,1,2,1,13,1990,3500,15596500,Luxury
Apartment,2213,2,1,1,0,6,2002,4000,8971000,Standard
Apartment,3889,2,1,2,3,18,2013,4000,15755500,Luxury
Bungalow,1607,6,1,1,0,16,2019,5000,8362500,Standard
Apartment,4706,4,1,3,2,8,2002,4000,19133000,Luxury
Flat,750,1,0,3,3,12,2008,3000,2427000,Standard
Flat,2930,6,2,2,3,4,2010,3000,9188000,Standard
House,2554,6,2,3,1,4,1986,3500,9325000,Standard
Apartment,958,1,1,4,2,9,2019,4000,4029500,Standard
Bungalow,707,2,2,1,3,9,2012,5000,3704000,Standard
Flat,1399,5,2,3,2,6,2000,3000,4555000,Standard
Flat,3961,1,2,4,0,14,1981,3000,12031500,Standard
Bungalow,3885,4,1,2,2,6,1997,5000,19701500,Luxury
Bungalow,521,3,1,4,3,14,2012,5000,2914000,Standard
Flat,909,3,2,2,1,2,2016,3000,2948000,Standard
Flat,1394,7,2,2,3,18,2013,3000,4631500,Standard
Bungalow,1014,7,1,1,2,9,1999,5000,5467500,Standard
Flat,4609,6,0,1,2,14,2014,3000,14182000,Standard
House,2634,3,2,4,3,2,1997,3500,9520500,Standard
House,4095,5,0,1,2,5,2003,3500,14632000,Standard
Bungalow,3456,2,2,1,0,11,1987,5000,17391500,Luxury
Apartment,2060,4,0,1,3,14,2009,4000,8507500,Standard
Bungalow,1766,7,0,4,1,5,2023,5000,9314500,Standard
Bungalow,2669,5,0,3,3,12,1989,5000,13712500,Standard
Apartment,4138,4,1,1,0,18,2002,4000,16771000,Luxury
Apartment,1249,4,0,1,0,2,1990,4000,5209000,Standard
Apartment,3927,2,0,4,0,7,1981,4000,15906500,Luxury
House,2427,6,0,3,0,7,2005,3500,8875000,Standard
Flat,4304,3,2,1,0,19,2015,3000,13087500,Standard
House,4202,2,0,2,1,14,2012,3500,14876000,Standard
Flat,2856,5,2,4,2,3,1992,3000,8952000,Standard
House,2835,6,0,1,0,18,2019,3500,10250000,Standard
Flat,806,5,0,1,0,2,2004,3000,2688000,Standard
House,4165,6,1,2,3,12,1983,3500,14962000,Standard
Apartment,2489,7,2,2,1,7,2021,4000,10379500,Standard
Bungalow,1161,5,0,4,1,15,1998,5000,6177000,Standard
House,811,2,2,4,2,12,1997,3500,3075000,Standard
Flat,3420,6,2,2,1,2,2016,3000,10631000,Standard
Apartment,1582,6,1,4,3,15,2009,4000,6785500,Standard
House,3471,4,1,2,3,8,1998,3500,12440500,Standard
House,1254,4,1,1,2,13,2002,3500,4638000,Standard
Apartment,4630,1,1,2,3,12,1995,4000,18660500,Luxury
House,852,5,1,2,0,6,1980,3500,3270000,Standard
Bungalow,1402,4,1,3,0,14,1991,5000,7283500,Standard
House,4388,1,1,2,3,6,2003,3500,15502500,Luxury
Bungalow,658,7,1,2,2,5,2013,5000,3724500,Standard
Bungalow,2477,7,0,3,1,1,1987,5000,12821500,Standard
Apartment,1456,4,2,4,2,8,1997,4000,6160500,Standard
House,2571,5,1,3,1,16,1984,3500,9333500,Standard
Apartment,903,6,1,1,3,4,2005,4000,3977500,Standard
House,3279,3,2,3,3,11,2009,3500,11754000,Standard
House,1887,5,0,1,0,0,1992,3500,6868500,Standard
Flat,3953,2,2,4,1,9,1998,3000,12081000,Standard
House,1455,7,2,3,2,10,2008,3500,5554500,Standard
Apartment,2212,4,1,3,3,15,1982,4000,9162000,Standard
Bungalow,1773,4,2,4,2,13,2005,5000,9205500,Standard
House,4311,6,2,1,0,7,2019,3500,15416000,Luxury
Flat,3125,2,1,3,1,16,1991,3000,9563500,Standard
Apartment,2882,6,1,1,1,17,1981,4000,11851500,Standard
House,1941,2,1,3,3,11,1990,3500,7011500,Standard
Apartment,3479,3,1,2,1,16,2023,4000,14140500,Standard
Flat,2297,7,2,3,3,13,2007,3000,7367500,Standard
Flat,4890,4,2,4,0,15,1997,3000,14976500,Standard
Apartment,4509,4,0,4,1,13,1992,4000,18355000,Luxury
House,1894,3,0,1,3,8,2016,3500,6850000,Standard
Bungalow,4781,1,2,3,2,3,2001,5000,24063500,Luxury
Flat,1769,7,0,1,3,10,1991,3000,5715500,Standard
House,4214,6,2,1,1,5,1981,3500,15072500,Luxury
House,1029,3,0,2,0,14,2016,3500,3807500,Standard
Bungalow,4123,6,1,2,1,4,1986,5000,20971000,Luxury
Flat,3458,5,0,4,1,10,2005,3000,10749500,Standard
Flat,3414,4,1,1,3,17,2005,3000,10507500,Standard
House,4091,6,1,4,2,12,2003,3500,14758000,Standard
House,2647,2,1,3,1,10,1991,3500,9453000,Standard
Bungalow,3869,6,1,1,2,13,1995,5000,19690500,Luxury
Bungalow,1439,5,0,1,3,17,2002,5000,7509000,Standard
Flat,1025,7,2,3,2,18,2019,3000,3542500,Standard
Apartment,501,4,1,3,3,14,1988,4000,2321000,Standard
Flat,874,3,0,4,0,8,2011,3000,2885500,Standard
House,2840,5,1,4,2,7,1994,3500,10325000,Standard
Flat,4505,4,0,3,2,19,2016,3000,13831000,Standard
Apartment,3552,6,0,4,0,0,1992,4000,14612000,Standard
Bungalow,2865,7,0,3,2,3,1984,5000,14775000,Standard
Apartment,2025,1,2,1,0,13,1990,4000,8163000,Standard
Apartment,4976,7,0,1,1,1,1989,4000,20281500,Luxury
Apartment,2146,1,0,2,3,15,1992,4000,8723000,Standard
Bungalow,513,2,2,1,0,2,2020,5000,2693000,Standard
Apartment,2778,7,2,3,2,7,1994,4000,11567000,Standard
Apartment,3655,4,0,4,0,5,2021,4000,14938500,Standard
Apartment,629,1,2,2,2,15,1986,4000,2637000,Standard
House,4314,3,1,4,1,15,2019,3500,15381500,Luxury
Apartment,3716,4,1,3,0,6,2007,4000,15145500,Luxury
Bungalow,3438,3,2,1,1,12,2011,5000,17378500,Luxury
Apartment,4428,7,2,2,3,12,2014,4000,18162000,Luxury
Apartment,2540,3,0,3,2,4,1994,4000,10415000,Standard
Bungalow,527,1,2,2,2,19,2015,5000,2770500,Standard
Apartment,2613,4,0,2,1,17,2000,4000,10715000,Standard
Bungalow,1752,6,1,1,3,14,1985,5000,9115500,Standard
Apartment,4856,5,2,3,0,17,1980,4000,19742000,Luxury
Bungalow,2546,1,0,4,0,1,1983,5000,12879500,Standard
Apartment,4523,1,0,2,2,9,1990,4000,18215000,Luxury
Apartment,4896,6,1,2,1,12,2023,4000,19958500,Luxury
House,3874,4,2,4,1,17,2005,3500,13884500,Standard
House,3966,4,1,3,0,14,2016,3500,14167000,Standard
Apartment,3581,7,0,2,3,11,2002,4000,14768000,Standard
Apartment,4278,3,0,2,3,14,2008,4000,17359000,Luxury
Flat,1129,7,2,2,0,12,2000,3000,3785000,Standard
